,City,Cloudiness,Country,Date,Humidity,Latitude,Longitude,Max Temp,Wind Speed
0,roald,100.0,NO,1660448104.0,94.0,62.5833,6.1333,61.16,8.05
1,palasa,100.0,IN,1660448105.0,92.0,18.7667,84.4167,77.72,13.47
2,saldanha,28.0,ZA,1660448081.0,70.0,-33.0117,17.9442,50.05,18.77
3,hobart,75.0,AU,1660447919.0,88.0,-42.8794,147.3294,58.86,12.66
4,kodiak,100.0,US,1660448005.0,88.0,57.79,-152.4072,54.91,8.05
5,hilo,75.0,US,1660448043.0,77.0,19.7297,-155.09,83.28,6.91
6,cabo san lucas,35.0,MX,1660447915.0,77.0,22.8909,-109.9124,86.5,4.38
7,cape town,100.0,ZA,1660447855.0,87.0,-33.9258,18.4232,53.11,1.99
8,ilulissat,96.0,GL,1660448067.0,49.0,69.2167,-51.1,48.22,4.61
9,lasa,2.0,IT,1660448106.0,73.0,46.6166,10.7002,58.08,2.8
10,chuy,6.0,UY,1660448002.0,92.0,-33.6971,-53.4616,53.53,5.84
11,walvis bay,13.0,NA,1660448106.0,81.0,-22.9575,14.5053,50.09,4.61
12,eyl,48.0,SO,1660448107.0,61.0,7.9803,49.8164,78.57,24.11
13,port lincoln,88.0,AU,1660447818.0,69.0,-34.7333,135.8667,58.15,12.68
14,severo-kurilsk,100.0,RU,1660448030.0,96.0,50.6789,156.125,55.31,15.3
15,dikson,100.0,RU,1660447988.0,100.0,73.5069,80.5464,44.62,6.13
16,raga,100.0,SS,1660448107.0,98.0,8.4596,25.678,68.76,4.76
17,comodoro rivadavia,0.0,AR,1660448007.0,53.0,-45.8667,-67.5,46.26,27.63
18,mataura,4.0,NZ,1660448068.0,63.0,-46.1927,168.8643,50.49,5.59
19,hauterive,91.0,FR,1660448108.0,76.0,46.0901,3.4459,74.16,8.25
20,barrow,100.0,US,1660447999.0,80.0,71.2906,-156.7887,35.62,3.44
21,lerwick,18.0,GB,1660447792.0,94.0,60.1545,-1.1494,57.2,5.86
22,tasiilaq,4.0,GL,1660447985.0,67.0,65.6145,-37.6368,41.16,7.05
23,abu samrah,0.0,SY,1660447999.0,72.0,35.3029,37.1841,73.33,15.48
25,rikitea,82.0,PF,1660447979.0,79.0,-23.1203,-134.9692,73.13,21.3
26,qobustan,0.0,AZ,1660448109.0,39.0,40.0824,49.412,84.63,2.33
27,hithadhoo,72.0,MV,1660447993.0,70.0,-0.6,73.0833,82.6,3.91
28,neuquen,0.0,AR,1660448109.0,62.0,-38.9516,-68.0591,51.69,0.0
29,hermanus,80.0,ZA,1660448029.0,78.0,-34.4187,19.2345,50.81,17.05
30,jambi,99.0,ID,1660448110.0,66.0,-1.6,103.6167,86.68,4.0
31,tubuala,100.0,PA,1660448110.0,85.0,9.5167,-79.0333,78.64,3.91
32,vaini,75.0,TO,1660448012.0,78.0,-21.2,-175.2,75.36,13.8
33,jamestown,99.0,US,1660447832.0,80.0,42.097,-79.2353,60.51,1.25
37,butaritari,68.0,KI,1660448030.0,77.0,3.0707,172.7902,81.39,16.11
38,punta arenas,40.0,CL,1660447987.0,93.0,-53.15,-70.9167,33.91,6.91
39,tiksi,98.0,RU,1660448111.0,83.0,71.6872,128.8694,43.02,14.74
40,ambon,40.0,ID,1660448112.0,70.0,-3.6954,128.1814,84.34,5.75
41,provost,3.0,CA,1660448112.0,67.0,52.3501,-110.2683,75.65,9.4
42,clyde river,75.0,CA,1660448112.0,100.0,70.4692,-68.5914,41.23,2.3
43,antofagasta,74.0,CL,1660447944.0,82.0,-23.65,-70.4,56.48,0.98
44,atuona,0.0,PF,1660448021.0,69.0,-9.8,-139.0333,77.36,20.83
45,pilot butte,20.0,CA,1660448113.0,68.0,50.4668,-104.4178,77.67,14.97
46,salalah,100.0,OM,1660447983.0,100.0,17.0151,54.0924,73.49,10.36
48,porto novo,100.0,BJ,1660448113.0,91.0,6.4965,2.6036,76.82,12.44
49,albany,32.0,US,1660447802.0,75.0,42.6001,-73.9662,63.52,3.6
50,port hedland,39.0,AU,1660448119.0,27.0,-20.3167,118.5667,87.85,8.05
51,kapaa,0.0,US,1660447989.0,75.0,22.0752,-159.319,82.38,11.5
52,busselton,15.0,AU,1660447987.0,58.0,-33.65,115.3333,60.04,9.6
54,thompson,0.0,CA,1660447986.0,76.0,55.7435,-97.8558,53.76,0.0
55,bocanda,99.0,CI,1660448120.0,99.0,7.0626,-4.4995,70.93,3.06
56,bluff,68.0,NZ,1660447982.0,77.0,-46.6,168.3333,50.81,23.91
57,hervey bay,0.0,AU,1660448120.0,52.0,-25.2986,152.8535,66.25,7.07
58,namibe,48.0,AO,1660447986.0,89.0,-15.1961,12.1522,62.82,1.12
59,puerto ayora,100.0,EC,1660447945.0,96.0,-0.7393,-90.3518,68.56,4.0
60,kobryn,75.0,BY,1660448121.0,92.0,52.2138,24.3564,62.74,7.43
61,amapa,45.0,BR,1660448020.0,93.0,1.0,-52.0,69.96,2.48
62,vondrozo,71.0,MG,1660448121.0,97.0,-22.8167,47.2833,57.4,0.54
63,labrea,44.0,BR,1660448121.0,62.0,-7.2586,-64.7981,77.67,1.57
64,kandrian,43.0,PG,1660448122.0,70.0,-6.2167,149.55,83.7,5.66
66,atar,0.0,MR,1660448122.0,50.0,20.5169,-13.0499,88.09,7.27
67,polewali,74.0,ID,1660448123.0,66.0,-3.4324,119.3435,87.03,5.26
69,longyearbyen,75.0,SJ,1660448019.0,87.0,78.2186,15.6401,42.64,10.36
70,pisco,40.0,PE,1660448096.0,88.0,-13.7,-76.2167,58.01,2.3
71,hirara,20.0,JP,1660448123.0,70.0,24.8,125.2833,91.26,12.66
72,labis,71.0,MY,1660448124.0,59.0,2.385,103.021,89.74,2.44
73,saint george,0.0,US,1660447861.0,42.0,37.1041,-113.5841,88.63,10.36
74,khatanga,0.0,RU,1660448031.0,40.0,71.9667,102.5,62.37,10.96
75,souillac,20.0,MU,1660448124.0,73.0,-20.5167,57.5167,68.38,18.41
76,kilindoni,26.0,TZ,1660448125.0,75.0,-7.9139,39.6668,75.33,11.5
77,fort atkinson,2.0,US,1660448125.0,88.0,42.9289,-88.8371,70.32,7.11
78,saskylakh,39.0,RU,1660448051.0,41.0,71.9167,114.0833,55.98,7.54
79,alice springs,0.0,AU,1660448125.0,19.0,-23.7,133.8833,69.35,4.61
80,russell,0.0,US,1660448126.0,94.0,32.3502,-85.1999,74.43,0.0
81,victoria,14.0,HK,1660448026.0,73.0,22.2855,114.1577,91.96,5.99
82,bengkulu,86.0,ID,1660447992.0,67.0,-3.8004,102.2655,84.06,4.74
83,moranbah,0.0,AU,1660448126.0,21.0,-22.0016,148.0466,74.43,7.54
84,ushuaia,75.0,AR,1660447895.0,93.0,-54.8,-68.3,37.06,14.97
85,lebu,100.0,CL,1660448090.0,82.0,-37.6167,-73.65,48.52,6.53
86,qaanaaq,100.0,GL,1660448009.0,68.0,77.484,-69.3632,43.99,8.21
87,palimbang,62.0,PH,1660448127.0,73.0,6.2106,124.1894,84.2,6.17
88,east london,0.0,ZA,1660448047.0,66.0,-33.0153,27.9116,54.54,9.22
89,puerto gaitan,92.0,CO,1660448127.0,86.0,4.3133,-72.0816,75.02,3.33
90,vestmanna,100.0,FO,1660448128.0,100.0,62.1564,-7.1664,49.12,2.3
91,ormara,96.0,PK,1660448128.0,79.0,25.2088,64.6357,82.71,4.88
92,asyut,6.0,EG,1660448129.0,47.0,27.181,31.1837,75.38,9.46
93,zabaykalsk,100.0,RU,1660448129.0,49.0,49.6333,117.3167,70.29,6.85
94,rayong,50.0,TH,1660448129.0,94.0,12.8333,101.4333,92.3,7.23
95,lata,80.0,PT,1660448130.0,98.0,40.1629,-8.3327,55.51,2.17
96,nikolskoye,50.0,RU,1660448025.0,73.0,59.7035,30.7861,58.8,3.04
97,labuhan,100.0,ID,1660448002.0,63.0,-6.8844,112.2051,86.23,9.33
98,inirida,99.0,CO,1660448130.0,95.0,3.8653,-67.9239,71.46,0.69
99,upernavik,100.0,GL,1660448130.0,73.0,72.7868,-56.1549,43.59,7.43
100,carnarvon,0.0,AU,1660448008.0,55.0,-24.8667,113.6333,70.52,1.66
101,udachnyy,91.0,RU,1660448136.0,66.0,66.4167,112.4,55.45,12.17
102,garissa,71.0,KE,1660448136.0,79.0,-0.4536,39.6401,72.45,17.11
103,jacareacanga,68.0,BR,1660448137.0,60.0,-6.2222,-57.7528,77.72,3.4
104,abu kamal,0.0,SY,1660448137.0,43.0,34.4506,40.9171,82.08,14.05
105,kaitangata,4.0,NZ,1660448137.0,65.0,-46.2817,169.8464,51.06,12.48
106,fort nelson,40.0,CA,1660447817.0,65.0,58.8053,-122.7002,78.39,0.0
107,high level,40.0,CA,1660447806.0,68.0,58.5169,-117.136,73.51,0.0
108,cidreira,0.0,BR,1660447985.0,87.0,-30.1811,-50.2056,60.67,5.99
109,rio gallegos,0.0,AR,1660448138.0,75.0,-51.6226,-69.2181,37.45,13.8
111,erbaa,59.0,TR,1660448138.0,89.0,40.6689,36.5675,66.29,1.5
112,moron,6.0,AR,1660448139.0,85.0,-34.6534,-58.6198,62.49,6.58
113,bereda,35.0,ES,1660448139.0,100.0,43.2686,-7.5406,56.14,3.11
114,teya,99.0,RU,1660448139.0,55.0,60.3778,92.6267,62.08,4.63
115,palm coast,79.0,US,1660448080.0,95.0,29.585,-81.2078,78.08,4.0
116,sumbe,92.0,AO,1660448140.0,82.0,-11.2061,13.8437,68.61,1.16
117,mumbwa,16.0,ZM,1660448140.0,38.0,-14.9783,27.0619,58.5,4.81
118,alyangula,53.0,AU,1660448141.0,49.0,-13.8483,136.4192,79.23,15.41
119,nemuro,100.0,JP,1660448141.0,96.0,43.3236,145.575,66.47,5.64
120,lagoa,0.0,PT,1660448141.0,89.0,39.05,-27.9833,74.19,9.82
121,avarua,100.0,CK,1660448012.0,94.0,-21.2078,-159.775,69.85,10.36
122,lodja,75.0,CD,1660448142.0,85.0,-3.4833,23.4333,71.1,0.45
123,kollam,100.0,IN,1660448142.0,75.0,8.8833,76.6,80.47,10.63
124,broome,23.0,US,1660448142.0,83.0,42.2506,-75.833,60.01,0.47
125,minab,51.0,IR,1660448143.0,58.0,27.1467,57.0801,91.2,4.29
126,ayan,100.0,RU,1660448025.0,88.0,56.45,138.1667,56.75,6.49
129,asau,21.0,RO,1660448143.0,90.0,46.4333,26.4,61.72,4.25
130,castro,100.0,BR,1660447984.0,74.0,-24.7911,-50.0119,52.18,3.22
131,quatre cocos,97.0,MU,1660448144.0,65.0,-20.2078,57.7625,70.09,17.67
133,san quintin,41.0,MX,1660448144.0,82.0,30.4833,-115.95,71.92,3.31
134,honiara,67.0,SB,1660448145.0,71.0,-9.4333,159.95,84.02,4.03
135,kaset sombun,91.0,TH,1660448145.0,67.0,16.2805,101.9542,86.76,3.4
136,adelaide,40.0,AU,1660448003.0,83.0,-34.9333,138.6,59.85,13.8
137,hamilton,75.0,US,1660447817.0,73.0,39.1834,-84.5333,73.58,1.01
138,elmira,0.0,US,1660448146.0,76.0,42.0898,-76.8077,60.91,0.0
139,bonfim,52.0,BR,1660448146.0,85.0,3.0833,-59.95,75.65,2.71
140,kavaratti,100.0,IN,1660448146.0,78.0,10.5669,72.642,81.52,10.92
141,coahuayana,100.0,MX,1660448147.0,90.0,18.7333,-103.6833,76.95,3.04
142,margate,89.0,GB,1660448029.0,82.0,51.3813,1.3862,66.69,7.52
143,ancud,19.0,CL,1660448147.0,81.0,-41.8697,-73.8203,45.73,25.26
144,bethel,100.0,US,1660448028.0,76.0,41.3712,-73.414,66.51,4.61
145,tuktoyaktuk,75.0,CA,1660447990.0,87.0,69.4541,-133.0374,48.2,21.85
146,vila velha,40.0,BR,1660448148.0,84.0,-20.3297,-40.2925,66.94,2.3
147,ponta do sol,14.0,PT,1660448048.0,76.0,32.6667,-17.1,70.72,1.92
148,yellowknife,20.0,CA,1660448050.0,45.0,62.456,-114.3525,66.72,5.75
149,marzuq,100.0,YE,1660448071.0,69.0,14.4,46.4667,78.78,7.4
150,akropong,100.0,GH,1660448153.0,86.0,5.9746,-0.0854,72.55,10.29
152,havre-saint-pierre,100.0,CA,1660447980.0,88.0,50.2334,-63.5986,57.56,0.0
153,arman,100.0,RU,1660448154.0,87.0,59.7,150.1667,61.02,4.47
154,bambous virieux,20.0,MU,1660448023.0,73.0,-20.3428,57.7575,70.21,18.41
155,guane,73.0,CU,1660448154.0,85.0,22.2025,-84.0875,76.35,2.91
157,shingu,99.0,JP,1660448155.0,60.0,33.7333,135.9833,91.26,11.27
158,esso,100.0,RU,1660448012.0,67.0,55.9333,158.7,68.09,6.06
159,new norfolk,99.0,AU,1660448000.0,93.0,-42.7826,147.0587,58.5,10.49
160,sinnamary,34.0,GF,1660448155.0,81.0,5.3833,-52.95,77.94,10.96
162,huarmey,31.0,PE,1660448156.0,86.0,-10.0681,-78.1522,62.06,7.02
163,port elizabeth,0.0,ZA,1660448066.0,77.0,-33.918,25.5701,52.32,11.5
164,lindi,41.0,TZ,1660448156.0,92.0,-10.0,39.7167,65.73,3.4
165,bredasdorp,74.0,ZA,1660448065.0,86.0,-34.5322,20.0403,49.17,15.75
166,ugoofaaru,98.0,MV,1660448157.0,78.0,5.6667,73.0,81.48,7.56
167,geraldton,40.0,AU,1660447859.0,63.0,-28.7667,114.6,66.61,10.36
168,norman wells,20.0,CA,1660448157.0,28.0,65.282,-126.8329,82.44,9.22
169,limoges,75.0,FR,1660448158.0,94.0,45.75,1.3333,65.68,5.75
170,provideniya,89.0,RU,1660447979.0,66.0,64.3833,-173.3,44.83,4.03
171,meulaboh,100.0,ID,1660448023.0,71.0,4.1363,96.1285,83.39,2.53
172,gurupa,61.0,BR,1660448158.0,92.0,-1.405,-51.64,73.51,3.89
174,aswan,0.0,EG,1660448159.0,32.0,24.0934,32.907,83.5,5.75
175,leningradskiy,54.0,RU,1660447983.0,77.0,69.3833,178.4167,36.23,6.2
176,artyom,0.0,AZ,1660448159.0,62.0,40.4723,50.333,78.94,6.35
177,necochea,11.0,AR,1660448005.0,80.0,-38.5473,-58.7368,55.87,16.4
178,yatou,100.0,CN,1660448159.0,92.0,37.15,122.3833,79.41,4.83
179,rumford,100.0,US,1660448160.0,89.0,44.5537,-70.5509,65.3,3.06
181,pevek,12.0,RU,1660448049.0,79.0,69.7008,170.3133,34.57,9.46
182,port alfred,0.0,ZA,1660447992.0,67.0,-33.5906,26.891,55.2,21.65
183,havelock,0.0,US,1660448161.0,78.0,34.8791,-76.9013,75.94,5.75
184,road town,1.0,VG,1660447896.0,80.0,18.4167,-64.6167,82.49,14.05
185,bilma,37.0,NE,1660448161.0,26.0,18.6853,12.9164,91.22,5.17
186,saint anthony,100.0,US,1660448060.0,79.0,45.0205,-93.218,66.09,10.36
187,aklavik,42.0,CA,1660448161.0,71.0,68.2191,-135.0107,54.97,18.92
188,qandala,100.0,SO,1660448070.0,49.0,11.472,49.8728,88.75,7.9
189,upata,100.0,VE,1660448162.0,98.0,8.0086,-62.3989,72.19,2.77
190,kerman,0.0,IR,1660448162.0,23.0,30.2832,57.0788,62.46,6.91
191,san angelo,0.0,US,1660448135.0,39.0,31.4638,-100.437,89.82,8.05
192,kahului,40.0,US,1660447944.0,56.0,20.8947,-156.47,87.82,23.02
193,tanete,86.0,ID,1660448163.0,62.0,-3.9443,119.7848,86.9,11.45
194,klaksvik,98.0,FO,1660448053.0,93.0,62.2266,-6.589,50.92,10.13
195,acapulco,75.0,MX,1660448027.0,78.0,16.8634,-99.8901,82.22,4.61
196,sillod,93.0,IN,1660448163.0,80.0,20.3,75.65,76.77,14.23
197,tual,56.0,ID,1660448164.0,76.0,-5.6667,132.75,80.31,19.17
198,mahebourg,20.0,MU,1660448164.0,73.0,-20.4081,57.7,70.25,18.41
199,rudnichnyy,70.0,RU,1660448165.0,63.0,59.617,52.4703,58.17,3.69
200,palauig,89.0,PH,1660448170.0,79.0,15.435,119.9045,83.77,7.65
201,kayerkan,95.0,RU,1660448170.0,42.0,69.3497,87.7602,64.53,16.28
202,sola,75.0,VU,1660448171.0,83.0,-13.8833,167.55,79.47,0.0
203,sorrento,0.0,IT,1660448057.0,90.0,40.626,14.3744,72.97,0.0
204,narsaq,100.0,GL,1660448171.0,98.0,60.9167,-46.05,44.82,0.69
205,taunggyi,76.0,MM,1660448171.0,68.0,20.7833,97.0333,74.64,4.7
206,batagay,100.0,RU,1660448172.0,58.0,67.6333,134.6333,60.06,1.95
207,sioux lookout,100.0,CA,1660448172.0,100.0,50.1001,-91.917,64.47,4.61
208,adrar,0.0,MR,1660448172.0,43.0,20.5022,-10.0711,88.27,16.33
209,marawi,100.0,PH,1660448173.0,89.0,7.9986,124.2928,74.46,4.21
210,chateauroux,100.0,FR,1660448173.0,88.0,46.8167,1.7,68.0,17.27
211,georgetown,20.0,MY,1660447985.0,79.0,5.4112,100.3354,89.53,5.75
212,pangai,40.0,TO,1660448051.0,50.0,-19.8,-174.35,77.11,12.66
213,wanlaweyn,70.0,SO,1660448174.0,88.0,2.6185,44.8938,72.95,10.11
214,arraial do cabo,48.0,BR,1660448022.0,72.0,-22.9661,-42.0278,68.49,22.62
216,caravelas,98.0,BR,1660448174.0,66.0,-17.7125,-39.2481,69.82,7.16
217,katsuura,100.0,JP,1660447884.0,86.0,35.1333,140.3,80.46,24.16
218,canto do buriti,40.0,BR,1660448175.0,54.0,-8.11,-42.9444,77.31,10.25
219,veraval,87.0,IN,1660448175.0,84.0,20.9,70.3667,80.76,19.84
221,chicama,26.0,PE,1660448176.0,85.0,-7.8447,-79.1469,57.74,5.19
222,pataskala,84.0,US,1660448176.0,84.0,39.9956,-82.6743,68.47,1.01
223,buraydah,15.0,SA,1660448176.0,19.0,26.326,43.975,84.65,7.61
224,dourbali,100.0,TD,1660448177.0,96.0,11.8091,15.8632,72.0,8.75
225,akcaabat,75.0,TR,1660448177.0,83.0,41.0212,39.5715,78.67,2.3
226,sitka,100.0,US,1660448031.0,72.0,57.0531,-135.33,62.49,0.0
227,torbay,100.0,CA,1660448030.0,97.0,47.6666,-52.7314,59.58,8.05
228,chipata,44.0,ZM,1660448177.0,76.0,-13.6333,32.65,56.64,4.03
229,snyder,0.0,US,1660448178.0,33.0,32.7179,-100.9176,88.14,4.61
230,vanimo,98.0,PG,1660448079.0,68.0,-2.6741,141.3028,84.2,8.48
231,bang lamung,47.0,TH,1660448178.0,48.0,13.047,100.9289,92.21,8.39
232,belaya gora,99.0,RU,1660448179.0,72.0,68.5333,146.4167,47.46,12.12
233,manakara,15.0,MG,1660448179.0,91.0,-22.1333,48.0167,63.77,5.48
234,bay roberts,84.0,CA,1660448179.0,97.0,47.5999,-53.2648,60.33,5.99
235,lira,100.0,UG,1660448180.0,98.0,2.235,32.9097,63.48,4.36
236,saint-joseph,44.0,RE,1660448180.0,73.0,-21.3667,55.6167,63.21,13.27
237,santa lucia,20.0,ES,1660448180.0,73.0,27.9117,-15.5407,65.52,19.57
238,yilan,74.0,TW,1660448181.0,55.0,24.757,121.753,96.66,8.1
239,jorochito,23.0,BO,1660448181.0,70.0,-18.05,-63.4333,70.99,5.91
241,lucapa,53.0,AO,1660448182.0,41.0,-8.4192,20.7447,61.9,3.85
242,cherskiy,100.0,RU,1660448182.0,94.0,68.75,161.3,40.44,7.7
243,shelburne,53.0,CA,1660448182.0,71.0,44.0787,-80.2041,61.25,2.75
244,bosaso,100.0,SO,1660447932.0,42.0,11.2842,49.1816,89.31,28.52
245,nome,100.0,US,1660447989.0,76.0,64.5011,-165.4064,46.47,13.8
246,ust-nera,74.0,RU,1660448183.0,41.0,64.5667,143.2,71.69,4.27
247,kortkeros,16.0,RU,1660448183.0,55.0,61.8106,51.5806,53.6,4.79
248,esperance,43.0,AU,1660447851.0,55.0,-33.8667,121.9,60.58,16.87
249,lompoc,0.0,US,1660447978.0,86.0,34.6391,-120.4579,68.14,10.36
250,zverinogolovskoye,7.0,RU,1660448189.0,53.0,54.4586,64.8542,62.83,9.04
251,bathsheba,75.0,BB,1660448189.0,94.0,13.2167,-59.5167,77.61,1.14
252,bealanana,65.0,MG,1660448189.0,93.0,-14.55,48.7333,52.25,3.58
254,turayf,0.0,SA,1660448190.0,77.0,31.6725,38.6637,68.25,6.91
255,agadez,62.0,NE,1660448190.0,15.0,19.75,10.25,84.13,9.8
256,coos bay,0.0,US,1660448191.0,88.0,43.3665,-124.2179,64.38,10.36
258,tigil,89.0,RU,1660448191.0,72.0,57.8,158.6667,69.15,6.91
259,sao filipe,100.0,CV,1660448045.0,88.0,14.8961,-24.4956,75.25,9.86
260,carai,22.0,BR,1660448192.0,97.0,-17.1889,-41.6947,52.66,3.47
261,norrtalje,48.0,SE,1660448192.0,72.0,59.758,18.705,64.02,4.14
262,hay river,0.0,CA,1660448049.0,52.0,60.8156,-115.7999,67.98,9.22
263,graham,100.0,US,1660448192.0,70.0,47.0529,-122.2943,70.02,6.91
264,boden,65.0,SE,1660448033.0,69.0,65.8252,21.6886,50.0,3.15
265,gazanjyk,0.0,TM,1660448193.0,19.0,39.2446,55.5154,87.08,8.95
266,mezen,74.0,RU,1660448193.0,74.0,65.8522,44.24,51.46,6.13
267,cockburn town,14.0,TC,1660448020.0,79.0,21.4612,-71.1419,81.55,13.78
269,baruun-urt,100.0,MN,1660448194.0,84.0,46.6806,113.2792,61.43,3.49
270,saint-philippe,60.0,RE,1660448004.0,75.0,-21.3585,55.7679,64.22,14.32
271,alta floresta,100.0,BR,1660448063.0,32.0,-9.8756,-56.0861,81.55,1.23
272,gayeri,100.0,BF,1660448194.0,85.0,12.6497,0.4931,76.55,10.76
273,pangnirtung,100.0,CA,1660447984.0,93.0,66.1451,-65.7125,45.21,6.46
274,manggar,99.0,ID,1660448195.0,79.0,-2.8833,108.2667,81.7,5.23
275,mount hagen,40.0,PG,1660448195.0,64.0,-5.8581,144.2274,70.56,3.44
276,prieska,30.0,ZA,1660448195.0,63.0,-29.6641,22.7474,43.11,12.28
277,warrington,100.0,GB,1660448196.0,74.0,53.3925,-2.5802,69.82,8.05
278,ocos,97.0,GT,1660448196.0,73.0,14.5094,-92.1933,77.18,3.6
279,lang son,79.0,VN,1660448196.0,68.0,21.8333,106.7333,85.93,5.75
280,umba,100.0,RU,1660448197.0,82.0,66.6871,34.3429,53.55,7.23
281,buin,85.0,CL,1660448025.0,79.0,-33.7333,-70.75,52.74,0.76
282,envira,46.0,BR,1660448197.0,64.0,-7.3,-70.2167,76.19,1.52
283,santa maria,0.0,BR,1660448024.0,100.0,-29.6842,-53.8069,56.5,4.61
284,flinders,79.0,AU,1660448031.0,52.0,-34.5833,150.8552,64.18,7.0
285,mitu,97.0,CO,1660448198.0,98.0,1.1983,-70.1733,70.39,1.97
287,diamantino,4.0,BR,1660448198.0,31.0,-14.4086,-56.4461,74.14,1.92
289,gigmoto,93.0,PH,1660448199.0,75.0,13.7796,124.39,85.5,6.49
290,kuching,20.0,MY,1660448050.0,89.0,1.55,110.3333,79.02,3.44
291,liepaja,0.0,LV,1660448199.0,94.0,56.5419,21.0367,55.38,3.44
292,roros,100.0,NO,1660448141.0,100.0,62.5747,11.3842,49.84,3.44
293,tautira,72.0,PF,1660448199.0,77.0,-17.7333,-149.15,77.61,13.51
294,nefteyugansk,97.0,RU,1660448200.0,65.0,61.0998,72.6035,56.86,24.67
295,richards bay,100.0,ZA,1660448200.0,92.0,-28.783,32.0377,64.71,5.23
296,korla,36.0,CN,1660448200.0,25.0,41.7597,86.1469,86.94,10.47
298,port hawkesbury,100.0,CA,1660448201.0,93.0,45.6169,-61.3485,68.74,3.44
299,werda,64.0,BW,1660448201.0,52.0,-25.2667,23.2833,47.82,11.86
300,kernersville,55.0,US,1660448207.0,75.0,36.1199,-80.0736,68.85,2.55
302,luderitz,43.0,NA,1660448207.0,64.0,-26.6481,15.1594,52.39,6.67
303,husavik,100.0,IS,1660448207.0,82.0,66.0449,-17.3389,47.3,2.82
304,mollendo,76.0,PE,1660448208.0,86.0,-17.0231,-72.0147,57.87,7.81
306,ponta delgada,20.0,PT,1660448208.0,94.0,37.7333,-25.6667,77.5,6.91
307,sibu,40.0,MY,1660448209.0,73.0,2.3,111.8167,79.11,10.36
308,aleppo,0.0,SY,1660448209.0,76.0,36.25,37.5,74.21,20.33
310,pitimbu,78.0,BR,1660448209.0,75.0,-7.4706,-34.8086,70.39,14.54
311,turbat,77.0,PK,1660448210.0,69.0,26.0023,63.044,87.6,7.7
312,torrington,0.0,US,1660448210.0,87.0,41.8007,-73.1212,63.39,2.24
313,chulman,100.0,RU,1660448210.0,80.0,56.8479,124.9104,61.83,3.02
315,beringovskiy,17.0,RU,1660448211.0,72.0,63.05,179.3167,45.73,6.04
316,deputatskiy,100.0,RU,1660448211.0,88.0,69.3,139.9,38.7,5.75
317,ribeira grande,5.0,PT,1660448003.0,85.0,38.5167,-28.7,75.49,5.44
318,lonevag,67.0,NO,1660448211.0,93.0,60.5262,5.4937,60.28,1.99
319,oistins,75.0,BB,1660448113.0,94.0,13.0667,-59.5333,77.09,1.14
320,komsomolskiy,0.0,UZ,1660448212.0,28.0,40.4272,71.7189,84.92,2.3
321,samarai,62.0,PG,1660448212.0,76.0,-10.6167,150.6667,81.12,2.24
322,kholtoson,100.0,RU,1660448213.0,87.0,50.2981,103.3097,58.89,2.68
324,sokolo,65.0,ML,1660448213.0,69.0,14.7328,-6.1219,80.51,11.63
325,jacksonville,40.0,US,1660448194.0,90.0,30.3322,-81.6556,79.0,5.75
326,corning,0.0,US,1660448214.0,79.0,42.1428,-77.0547,60.6,0.0
327,mayo,0.0,US,1660448013.0,82.0,38.8876,-76.5119,72.99,0.0
328,fremont,0.0,US,1660448108.0,77.0,37.5483,-121.9886,73.65,10.36
329,mar del plata,0.0,AR,1660448058.0,80.0,-38.0023,-57.5575,57.94,24.0
331,kumluca,0.0,TR,1660448214.0,63.0,36.3703,30.2869,81.16,0.54
332,hofn,100.0,IS,1660448215.0,89.0,64.2539,-15.2082,48.04,6.58
333,mahanoro,43.0,MG,1660448004.0,88.0,-19.9,48.8,65.66,2.37
334,tazmalt,60.0,DZ,1660448215.0,27.0,36.3868,4.3989,84.88,3.65
335,ribeira brava,12.0,PT,1660448215.0,76.0,32.65,-17.0667,70.72,1.21
336,acuitzio,88.0,MX,1660448216.0,93.0,20.345,-101.9771,63.45,3.13
337,talnakh,79.0,RU,1660448216.0,37.0,69.4865,88.3972,65.21,17.38
338,rehoboth,5.0,NA,1660448217.0,53.0,-23.3167,17.0833,46.02,2.53
340,kasongo,89.0,CD,1660448217.0,77.0,-4.45,26.6667,70.68,2.95
341,santa rosa,100.0,PH,1660447664.0,70.0,14.3122,121.1114,86.11,3.31
342,mahajanga,0.0,MG,1660448217.0,72.0,-15.7167,46.3167,66.22,5.75
343,uvalde,75.0,US,1660448218.0,38.0,29.3669,-99.767,86.99,8.05
344,krasnoselkup,100.0,RU,1660448218.0,56.0,65.7,82.4667,58.89,13.11
345,rock sound,16.0,BS,1660448218.0,70.0,24.9,-76.2,82.15,4.88
348,tenkodogo,96.0,BF,1660448219.0,86.0,11.78,-0.3697,75.92,11.12
349,sigli,100.0,ID,1660448219.0,63.0,5.3848,95.9609,85.68,4.03
350,saint-pierre,0.0,RE,1660448225.0,67.0,-21.3393,55.4781,68.92,2.3
351,tazovskiy,100.0,RU,1660448225.0,93.0,67.4667,78.7,51.48,9.91
352,conceicao do araguaia,27.0,BR,1660448225.0,59.0,-8.2578,-49.2647,76.84,2.98
353,cayenne,0.0,GF,1660447805.0,1.0,4.9333,-52.3333,81.09,0.0
354,dumas,0.0,US,1660448226.0,46.0,35.8656,-101.9732,79.54,8.05
355,ahipara,100.0,NZ,1660448024.0,65.0,-35.1667,173.1667,57.13,4.12
356,asfi,97.0,MA,1660448226.0,87.0,32.2994,-9.2372,69.78,13.56
357,dalianwan,75.0,CN,1660448227.0,94.0,39.0286,121.695,77.04,15.66
358,banjar,84.0,ID,1660448227.0,67.0,-8.19,114.9675,86.61,4.16
359,santa cruz de tenerife,100.0,ES,1660448227.0,84.0,28.4682,-16.2546,75.45,11.01
360,jirikov,100.0,CZ,1660448228.0,87.0,50.9951,14.5691,62.24,3.0
361,faanui,13.0,PF,1660448059.0,76.0,-16.4833,-151.75,77.88,11.01
362,pacific grove,75.0,US,1660448004.0,87.0,36.6177,-121.9166,67.68,8.05
363,juneau,100.0,US,1660448228.0,90.0,58.3019,-134.4197,62.22,11.5
364,baghdad,0.0,IQ,1660448141.0,37.0,33.3406,44.4009,85.91,11.5
365,tambura,100.0,SS,1660448229.0,99.0,5.6,27.4667,67.73,4.38
366,maragogi,37.0,BR,1660448229.0,72.0,-9.0122,-35.2225,74.41,12.86
367,kanadukathan,100.0,IN,1660448229.0,40.0,10.1754,78.7785,89.53,13.06
368,muhos,58.0,FI,1660448230.0,92.0,64.808,25.9931,51.58,3.91
370,kulykivka,72.0,UA,1660448230.0,65.0,51.3735,31.6466,68.67,13.0
371,alberton,100.0,CA,1660448231.0,83.0,46.8168,-64.0654,68.13,7.34
372,coquimbo,0.0,CL,1660448231.0,93.0,-29.9533,-71.3436,53.33,2.3
373,cap malheureux,99.0,MU,1660448231.0,65.0,-19.9842,57.6142,70.47,10.0
374,taoudenni,48.0,ML,1660448232.0,27.0,22.6783,-3.9836,92.88,7.96
375,sechura,3.0,PE,1660448232.0,86.0,-5.5569,-80.8222,62.62,12.37
377,galle,99.0,LK,1660448232.0,78.0,6.0367,80.217,81.88,13.27
378,santa cruz,20.0,BO,1660447966.0,83.0,-17.8,-63.1667,71.06,4.61
379,alekseyevskoye,37.0,RU,1660448233.0,56.0,55.3071,50.1135,64.49,8.23
380,cunduacan,51.0,MX,1660448233.0,81.0,18.0667,-93.1667,81.91,3.4
381,henties bay,18.0,NA,1660448234.0,84.0,-22.116,14.2845,52.77,9.55
382,vanatori,12.0,RO,1660448234.0,69.0,45.7333,27.25,69.37,10.04
383,los llanos de aridane,0.0,ES,1660448234.0,81.0,28.6585,-17.9182,69.12,11.5
384,bandarbeyla,46.0,SO,1660448008.0,60.0,9.4942,50.8122,79.9,27.13
385,bissau,100.0,GW,1660448235.0,86.0,11.8636,-15.5977,77.63,11.07
386,mehamn,75.0,NO,1660448135.0,82.0,71.0357,27.8492,51.75,2.3
387,kruisfontein,11.0,ZA,1660448235.0,84.0,-34.0033,24.7314,45.52,10.76
388,kununurra,29.0,AU,1660448236.0,19.0,-15.7667,128.7333,89.58,8.05
389,songjianghe,96.0,CN,1660448236.0,44.0,42.1859,127.479,77.72,3.11
390,koudougou,83.0,BF,1660448236.0,88.0,12.25,-2.3667,72.66,6.04
391,karasburg,54.0,NA,1660448237.0,73.0,-28.0167,18.75,41.18,10.58
393,carutapera,75.0,BR,1660447990.0,89.0,-1.195,-46.02,75.92,6.38
394,ati,100.0,TD,1660448237.0,90.0,13.2154,18.3353,75.25,8.03
395,manjacaze,23.0,MZ,1660448237.0,75.0,-24.7117,33.8828,66.83,12.73
396,srednekolymsk,100.0,RU,1660448238.0,73.0,67.45,153.6833,45.14,14.85
397,panalingaan,99.0,PH,1660448238.0,84.0,8.7842,117.4231,79.48,6.04
398,ullapool,99.0,GB,1660448238.0,89.0,57.8987,-5.1604,59.04,4.14
401,mastic beach,0.0,US,1660448244.0,70.0,40.7668,-72.8521,70.0,3.0
402,novochernorechenskiy,96.0,RU,1660448244.0,82.0,56.2669,91.0828,63.18,8.99
403,ambovombe,0.0,MG,1660448245.0,69.0,-25.1667,46.0833,65.46,6.82
404,zeya,26.0,RU,1660448245.0,78.0,53.75,127.2667,69.57,2.35
405,swan river,51.0,CA,1660448245.0,83.0,52.1058,-101.2676,67.89,8.05
406,monte alegre,83.0,BR,1660448246.0,66.0,-2.0078,-54.0692,77.92,2.98
407,litovko,96.0,RU,1660448246.0,76.0,49.2361,135.1742,70.54,1.25
408,teguldet,88.0,RU,1660448246.0,77.0,57.3064,88.1667,64.89,11.45
409,san patricio,99.0,US,1660448247.0,74.0,28.017,-97.5169,84.06,6.58
410,cabedelo,50.0,BR,1660448247.0,78.0,-6.9811,-34.8339,70.47,15.12
411,alofi,100.0,NU,1660448247.0,60.0,-19.0595,-169.9187,75.09,12.66
412,raudeberg,97.0,NO,1660448248.0,86.0,61.9875,5.1352,54.95,0.98
413,green river,97.0,US,1660448248.0,51.0,41.5286,-109.4662,71.98,1.01
414,jumla,78.0,NP,1660448248.0,68.0,29.2747,82.1838,72.5,4.83
416,sovetskiy,62.0,RU,1660448011.0,62.0,61.3614,63.5842,56.7,12.82
418,chokurdakh,46.0,RU,1660448042.0,55.0,70.6333,147.9167,48.69,8.3
419,andenes,100.0,NO,1660448249.0,81.0,69.3143,16.1194,49.98,16.11
420,petropavlovsk-kamchatskiy,75.0,RU,1660448249.0,88.0,53.0452,158.6483,59.59,8.95
421,kalmunai,99.0,LK,1660448250.0,59.0,7.4167,81.8167,87.4,4.7
422,hasaki,100.0,JP,1660448250.0,81.0,35.7333,140.8333,88.2,16.13
423,buenavista,100.0,PH,1660448250.0,73.0,8.9769,125.4089,82.89,0.36
424,remanso,56.0,BR,1660448251.0,72.0,-9.6179,-42.0831,72.79,13.4
425,grand gaube,99.0,MU,1660448029.0,64.0,-20.0064,57.6608,70.38,11.01
426,lethem,69.0,GY,1660448251.0,82.0,3.3803,-59.7968,76.1,2.08
427,lilongwe,4.0,MW,1660448122.0,68.0,-13.9669,33.7873,59.43,2.86
428,miraflores,100.0,MX,1660448252.0,93.0,19.2167,-98.8083,63.25,3.8
429,paciran,99.0,ID,1660448252.0,64.0,-6.8767,112.3761,85.89,9.66
430,khorixas,4.0,NA,1660448252.0,57.0,-20.3667,14.9667,50.58,4.45
431,barth,99.0,DE,1660448253.0,60.0,54.3635,12.7249,68.09,9.13
432,isla vista,0.0,US,1660448253.0,62.0,34.4133,-119.861,82.99,4.61
433,cascais,88.0,PT,1660448253.0,74.0,38.6979,-9.4215,67.93,13.0
434,newport,100.0,GB,1660448254.0,60.0,51.5877,-2.9984,71.02,7.47
435,shimoda,100.0,JP,1660448254.0,89.0,34.6667,138.95,85.1,17.27
436,cape coast,100.0,GH,1660448254.0,88.0,5.1053,-1.2466,74.19,13.49
437,port-gentil,100.0,GA,1660448255.0,78.0,-0.7193,8.7815,74.01,15.5
438,awjilah,0.0,LY,1660448255.0,65.0,29.1081,21.2869,76.19,8.95
439,kulunda,15.0,RU,1660448255.0,51.0,52.566,78.9385,73.24,13.82
440,bubaque,99.0,GW,1660448256.0,81.0,11.2833,-15.8333,79.43,18.61
441,mount gambier,45.0,AU,1660447981.0,75.0,-37.8333,140.7667,55.94,12.75
442,takoradi,98.0,GH,1660448256.0,86.0,4.8845,-1.7554,74.57,11.54
443,tupik,33.0,RU,1660448257.0,58.0,54.4253,119.9327,71.35,5.3
444,guerrero negro,2.0,MX,1660448257.0,81.0,27.9769,-114.0611,73.11,14.47
445,sorland,80.0,NO,1660448257.0,77.0,67.667,12.6934,49.86,5.28
446,taseyevo,100.0,RU,1660448258.0,98.0,57.2169,94.8978,53.82,5.66
447,airai,35.0,TL,1660448258.0,38.0,-8.9266,125.4092,76.32,5.19
449,tura,96.0,IN,1660448097.0,80.0,25.5198,90.2201,80.47,7.25
450,araguari,0.0,BR,1660448047.0,54.0,-18.6472,-48.1872,66.49,5.32
451,kondopoga,58.0,RU,1660448264.0,64.0,62.2057,34.2614,46.08,1.74
452,auch,60.0,FR,1660448264.0,84.0,43.65,0.5833,70.88,3.0
453,tyrma,85.0,RU,1660448264.0,65.0,50.0833,132.1667,70.97,1.59
454,ahar,0.0,IR,1660448265.0,39.0,38.4774,47.0699,69.91,3.85
455,beira,0.0,MZ,1660448265.0,94.0,-19.8436,34.8389,66.29,8.05
456,lavrentiya,100.0,RU,1660447980.0,72.0,65.5833,-171.0,40.5,14.2
457,sirohi,37.0,IN,1660448266.0,72.0,24.8833,72.8667,81.34,9.31
458,touros,19.0,BR,1660448083.0,85.0,-5.1989,-35.4608,71.92,14.65
460,skjervoy,94.0,NO,1660448001.0,80.0,70.0311,20.9714,53.6,36.35
461,berezovyy,75.0,RU,1660448266.0,59.0,51.6667,135.7,71.67,3.13
463,kihei,40.0,US,1660448267.0,59.0,20.785,-156.4656,87.82,23.02
465,makakilo city,40.0,US,1660448267.0,58.0,21.3469,-158.0858,84.52,17.27
466,spirovo,76.0,RU,1660448267.0,79.0,57.419,34.9766,63.54,1.57
467,lander,100.0,US,1660448268.0,84.0,42.833,-108.7307,67.15,10.36
469,bambanglipuro,74.0,ID,1660448268.0,71.0,-7.95,110.2833,83.91,8.68
470,faya,96.0,SA,1660448269.0,71.0,18.3851,42.4509,66.31,4.25
471,vrangel,67.0,RU,1660448269.0,74.0,42.7297,133.0839,74.23,12.86
472,vega de alatorre,97.0,MX,1660448269.0,85.0,20.0333,-96.6333,80.06,8.34
473,tinskoy,100.0,RU,1660448270.0,98.0,56.1525,96.9161,58.66,5.3
474,dunedin,0.0,NZ,1660448270.0,44.0,-45.8742,170.5036,56.8,8.01
475,ipueiras,77.0,BR,1660448270.0,52.0,-7.0333,-40.45,68.43,9.66
476,south venice,0.0,US,1660448271.0,84.0,27.0531,-82.4243,82.44,3.44
477,kyren,98.0,RU,1660448271.0,62.0,51.6828,102.1408,70.45,1.95
478,sibolga,100.0,ID,1660448271.0,87.0,1.7427,98.7792,74.86,7.52
480,fortuna,0.0,US,1660448272.0,83.0,40.5982,-124.1573,62.94,10.36
481,vila franca do campo,15.0,PT,1660448272.0,93.0,37.7167,-25.4333,77.2,4.03
482,stromness,83.0,GB,1660448272.0,94.0,58.965,-3.296,57.16,7.0
483,tocopilla,54.0,CL,1660448273.0,73.0,-22.092,-70.1979,57.87,1.92
484,gat,29.0,IL,1660448273.0,100.0,31.61,34.7642,75.88,4.41
485,yanam,100.0,IN,1660448273.0,95.0,16.7333,82.2167,75.81,10.11
487,qaqortoq,100.0,GL,1660448274.0,99.0,60.7167,-46.0333,45.66,0.87
488,vestmannaeyjar,97.0,IS,1660448274.0,88.0,63.4427,-20.2734,48.24,5.82
489,malmedy,18.0,BE,1660448275.0,81.0,50.4269,6.0279,64.29,1.14
490,zlitan,0.0,LY,1660448275.0,61.0,32.4674,14.5687,77.41,10.6
491,adre,100.0,TD,1660448275.0,92.0,13.4667,22.2,71.35,5.35
492,port blair,75.0,IN,1660448065.0,89.0,11.6667,92.75,80.64,11.5
493,fairbanks,0.0,US,1660448113.0,63.0,64.8378,-147.7164,73.6,0.0
494,verkhnyaya inta,97.0,RU,1660448276.0,87.0,65.9811,60.3094,44.76,14.36
495,chizhou,93.0,CN,1660448276.0,35.0,30.6578,117.4831,102.24,9.33
496,trairi,11.0,BR,1660447998.0,81.0,-3.2778,-39.2689,76.46,10.6
497,imeni poliny osipenko,50.0,RU,1660448277.0,64.0,52.4201,136.4853,70.25,3.22
498,marrakesh,40.0,MA,1660448277.0,61.0,31.6315,-8.0083,78.87,3.44
499,almunecar,98.0,ES,1660448277.0,59.0,36.7339,-3.6907,83.23,4.45
500,prince rupert,100.0,CA,1660448283.0,82.0,54.3161,-130.3201,60.89,14.97
501,camacha,40.0,PT,1660448059.0,88.0,33.0833,-16.3333,67.42,8.05
502,kavieng,100.0,PG,1660448033.0,62.0,-2.5744,150.7967,83.75,7.25
503,belyy,68.0,RU,1660448283.0,76.0,55.8402,32.9419,61.07,3.85
504,laguna,0.0,US,1660447980.0,34.0,38.421,-121.4238,87.78,8.05
505,pryozerne,69.0,UA,1660448284.0,78.0,45.2698,36.3303,77.88,4.97
506,strezhevoy,100.0,RU,1660448284.0,79.0,60.7333,77.5889,55.06,16.73
507,dwarka,100.0,IN,1660448284.0,89.0,22.2394,68.9678,79.47,25.64
508,linhares,0.0,BR,1660448285.0,76.0,-19.3911,-40.0722,60.17,2.37
509,ketchikan,100.0,US,1660448091.0,77.0,55.3422,-131.6461,61.27,12.66
510,atambua,14.0,ID,1660448285.0,45.0,-9.1061,124.8925,85.35,3.87
511,eydhafushi,98.0,MV,1660448041.0,77.0,5.1033,73.0708,81.21,6.93
512,yarada,100.0,IN,1660448286.0,89.0,17.65,83.2667,79.12,4.61
513,marsh harbour,100.0,BS,1660448286.0,66.0,26.5412,-77.0636,82.56,3.76
514,andijon,0.0,UZ,1660448286.0,16.0,40.7821,72.3442,83.48,1.01
515,naze,34.0,JP,1660448287.0,72.0,28.3667,129.4833,88.72,10.18
516,ivanava,77.0,BY,1660448287.0,92.0,52.1451,25.5365,61.63,7.99
517,makat,1.0,KZ,1660448287.0,21.0,47.6469,53.3463,85.15,11.86
518,gizo,57.0,SB,1660448009.0,66.0,-8.103,156.8419,84.49,4.47
519,praia da vitoria,20.0,PT,1660448288.0,94.0,38.7333,-27.0667,75.45,7.78
521,namatanai,98.0,PG,1660448288.0,69.0,-3.6667,152.4333,83.48,4.7
522,vandra,96.0,EE,1660448289.0,87.0,58.6481,25.0361,58.66,3.69
523,shenjiamen,97.0,CN,1660448289.0,79.0,29.9576,122.298,84.09,20.15
524,belyy yar,0.0,RU,1660448289.0,88.0,53.6039,91.3903,69.85,11.18
525,baykit,85.0,RU,1660448290.0,50.0,61.67,96.37,61.43,7.45
526,basco,43.0,PH,1660448290.0,73.0,20.4487,121.9702,85.05,4.94
527,sao joao da barra,1.0,BR,1660448006.0,68.0,-21.6403,-41.0511,68.02,10.85
528,mackay,0.0,AU,1660448291.0,68.0,-21.15,149.2,81.68,11.63
529,kuju,100.0,IN,1660448291.0,88.0,23.7167,85.5,77.74,11.27
530,tupiza,32.0,BO,1660448291.0,28.0,-21.45,-65.7167,47.41,4.85
531,khudumelapye,3.0,BW,1660448292.0,43.0,-23.8833,24.75,49.39,8.99
532,puksoozero,26.0,RU,1660448292.0,58.0,62.5903,40.6066,54.86,2.57
533,freeport,40.0,US,1660447902.0,63.0,40.6576,-73.5832,73.38,10.36
534,pandan,78.0,PH,1660448292.0,76.0,14.0453,124.1694,84.67,2.55
535,ust-maya,100.0,RU,1660448293.0,46.0,60.4167,134.5333,71.46,5.59
536,beloha,0.0,MG,1660448293.0,65.0,-25.1667,45.05,62.4,7.11
537,yarmouth,0.0,US,1660448195.0,93.0,41.7057,-70.2286,64.96,3.44
538,jalu,0.0,LY,1660448081.0,65.0,29.0331,21.5482,76.75,8.41
540,college,75.0,US,1660447876.0,63.0,64.8569,-147.8028,73.58,0.0
541,yakeshi,75.0,CN,1660448294.0,38.0,49.2833,120.7333,76.23,3.2
542,brandon,40.0,US,1660448278.0,87.0,27.9378,-82.2859,83.01,1.01
543,anaconda,62.0,US,1660448294.0,32.0,46.1285,-112.9423,79.79,3.83
544,inhambane,0.0,MZ,1660448295.0,82.0,-23.865,35.3833,71.98,16.51
545,general cepeda,35.0,MX,1660448295.0,65.0,25.3833,-101.45,71.08,5.48
546,te anau,13.0,NZ,1660447983.0,63.0,-45.4167,167.7167,50.49,3.44
547,nago,87.0,JP,1660448052.0,70.0,26.5881,127.9761,90.03,10.87
548,seymchan,84.0,RU,1660448296.0,55.0,62.8833,152.4333,71.04,0.92
549,okhotsk,100.0,RU,1660447982.0,94.0,59.3833,143.3,57.61,10.38
550,nanortalik,100.0,GL,1660448301.0,99.0,60.1432,-45.2371,44.28,6.31
551,berdigestyakh,100.0,RU,1660448301.0,81.0,62.0989,126.6992,65.73,5.86
552,tshela,43.0,CD,1660448302.0,94.0,-4.9833,12.9333,62.2,0.07
553,anzio,2.0,IT,1660448302.0,96.0,41.4853,12.6179,70.0,10.13
555,leh,34.0,IN,1660448303.0,46.0,34.1667,77.5833,67.62,5.19
556,axim,100.0,GH,1660448062.0,88.0,4.8699,-2.2405,74.3,10.54
557,lodwar,91.0,KE,1660448303.0,51.0,3.1191,35.5973,77.79,10.51
558,fairview,75.0,US,1660448173.0,55.0,40.8126,-73.999,72.63,8.05
559,la romana,20.0,DO,1660448303.0,88.0,18.4273,-68.9728,77.36,0.0
560,mareeba,49.0,AU,1660448085.0,55.0,-17.0,145.4333,81.45,4.94
561,prestea,100.0,GH,1660448304.0,87.0,5.4327,-2.1428,73.83,6.64
562,mier,77.0,MX,1660448304.0,62.0,26.4333,-99.15,84.78,11.41
563,mackenzie,75.0,CA,1660448305.0,77.0,55.2999,-123.1698,64.62,13.8
564,katherine,0.0,AU,1660448305.0,23.0,-14.4667,132.2667,88.12,14.97
566,seminole,100.0,US,1660448306.0,92.0,28.7086,-81.2081,76.26,5.75
567,abonnema,100.0,NG,1660448306.0,90.0,4.7084,6.7931,74.57,11.3
568,barra dos coqueiros,75.0,BR,1660448306.0,83.0,-10.9089,-37.0386,75.22,6.91
569,fereydun kenar,0.0,IR,1660448064.0,61.0,36.6864,52.5225,82.2,6.46
570,fenoarivo atsinanana,92.0,MG,1660448307.0,88.0,-17.3667,49.4167,68.36,7.36
571,vernon,0.0,CA,1660448292.0,42.0,50.2581,-119.2691,74.01,1.14
573,najran,100.0,SA,1660448307.0,47.0,17.4924,44.1277,84.85,6.78
574,lashio,87.0,MM,1660448308.0,78.0,22.9333,97.75,77.85,1.14
575,mitsamiouli,20.0,KM,1660448308.0,73.0,-11.3847,43.2844,73.69,4.61
576,gold coast,0.0,AU,1660448091.0,62.0,-28.0,153.4333,72.9,11.5
577,chibuto,8.0,MZ,1660448308.0,69.0,-24.6867,33.5306,66.97,12.48
578,tatarsk,41.0,RU,1660448309.0,80.0,55.219,75.9828,56.68,16.42
579,kenai,100.0,US,1660448309.0,88.0,60.5544,-151.2583,59.02,4.61
580,celestun,99.0,MX,1660448309.0,81.0,20.8667,-90.4,79.38,10.38
581,lundazi,5.0,ZM,1660448310.0,74.0,-12.2929,33.1782,57.47,4.41
582,subtanjalla,5.0,PE,1660448310.0,71.0,-14.0189,-75.7581,60.66,2.01
583,arawa,30.0,PG,1660448310.0,72.0,-6.2132,155.5367,84.45,3.49
584,khandyga,34.0,RU,1660448311.0,43.0,62.6667,135.6,75.6,2.8
585,shetpe,8.0,KZ,1660448311.0,20.0,44.1667,52.1167,87.93,7.47
586,tezu,76.0,IN,1660448311.0,63.0,27.9167,96.1667,89.6,2.98
587,robe,37.0,AU,1660448312.0,70.0,-37.1833,139.75,55.99,16.58
588,qingdao,0.0,CN,1660448312.0,89.0,36.0986,120.3719,87.4,8.95
589,vostok,64.0,RU,1660448084.0,82.0,46.4856,135.8833,67.5,3.78
590,muzhi,99.0,RU,1660448313.0,62.0,65.3667,64.6667,50.86,20.98
591,tecoanapa,92.0,MX,1660448313.0,85.0,16.5167,-98.75,78.44,3.29
592,yayva,46.0,RU,1660448313.0,58.0,59.3303,57.2641,59.04,4.63
593,ternate,87.0,ID,1660448314.0,65.0,0.8,127.4,85.87,5.88
594,duldurga,6.0,RU,1660448314.0,43.0,50.6761,113.5931,74.75,1.36
595,nuuk,100.0,GL,1660448046.0,93.0,64.1835,-51.7216,48.81,2.3
596,san cristobal,93.0,VE,1660448043.0,99.0,7.7669,-72.225,69.98,2.42
597,seoul,75.0,KR,1660447808.0,77.0,37.5683,126.9778,87.19,3.44
598,trelew,93.0,AR,1660448257.0,36.0,-43.249,-65.3051,51.53,30.6
599,pili,89.0,PH,1660448315.0,73.0,13.5833,123.3,86.11,3.87
600,dickinson,40.0,US,1660447713.0,87.0,29.4608,-95.0513,84.15,4.61
601,qasigiannguit,90.0,GL,1660448320.0,66.0,68.8193,-51.1922,48.45,8.28
602,bara,100.0,NG,1660448321.0,96.0,10.3744,10.7288,69.75,3.71
603,rio claro,2.0,BR,1660448321.0,53.0,-22.4114,-47.5614,61.5,3.24
604,andros,0.0,GR,1660448321.0,54.0,37.8333,24.9333,73.96,4.0
606,chissamba,30.0,AO,1660448322.0,25.0,-12.1667,17.3333,55.98,3.09
607,villarrica,96.0,PY,1660448322.0,58.0,-25.75,-56.4333,68.7,6.02
608,ankang,97.0,CN,1660448322.0,38.0,32.68,109.0172,100.85,2.64
609,gornopravdinsk,65.0,RU,1660448323.0,68.0,60.05,69.9,56.28,13.6
610,taltal,15.0,CL,1660447921.0,85.0,-25.4,-70.4833,55.15,1.92
611,kibungo,95.0,RW,1660448323.0,61.0,-2.1597,30.5427,68.92,2.04
612,saint-augustin,100.0,CA,1660448018.0,92.0,51.226,-58.6502,59.25,8.32
613,basay,93.0,PH,1660448324.0,75.0,9.4087,122.64,83.68,10.02
614,kamyshevatskaya,0.0,RU,1660448324.0,41.0,46.4132,37.9563,79.14,18.25
615,japura,92.0,ID,1660448324.0,64.0,-0.3167,102.35,88.63,2.04
616,rockhampton,0.0,AU,1660448325.0,41.0,-23.3833,150.5,76.89,4.61
